year_month,霧臺遊憩區,涼山遊憩區,梨山遊憩區,北關海潮公園,莒光遊客中心,北寮奎壁山地質公園,外澳濱海遊憩區,鹽寮海濱公園,獅頭山風景區,鼻頭角步道,賽嘉遊憩區,八卦山風景區,石梯坪,龍門露營區,觸口遊客中心,鯉魚潭風景特定區,七美遊客中心,情人湖及湖海灣,翡翠灣濱海遊憩區,臺灣原住民文化園區,鼻頭港服務區,茂林遊憩區,三芝遊憩區,白沙灣,福隆蔚藍海岸,井仔腳瓦盤鹽田,北竿遊客中心,達娜伊谷,花蓮管理站遊客中心,七股鹽山,東引遊客中心,烏山頭水庫風景區,綠島,禮納里部落,關子嶺溫泉區,新光兆豐休閒農場,舊草嶺隧道,圓潭自然生態園區,龍洞南口海洋公園,三地門遊憩區,水里蛇窯,中埔遊客中心,龜山島海域遊憩區,小門地質展示中心,八仙洞,觀音山,鹿野高臺,大里遊客服務中心,金山遊憩區,龍洞灣公園,南方澳遊客中心,曾文水庫,草嶺古道系統(含遠望坑親水公園),南海遊客中心,澎湖遊客中心,都歷處本部,關山親水公園,小野柳(加路蘭),日月潭環潭區,小琉球遊憩區,寶來、不老溫泉區,西嶼西臺,野柳地質公園,虎頭埤風景區,車埕,三仙臺,谷關遊憩區,綠蠵龜觀光保育中心,北海遊客中心,大鵬灣遊憩區,秀姑巒溪遊客中心,和平島公園,馬沙溝濱海遊憩區,南竿遊客中心,福隆遊客服務中心,野柳海洋世界,北門遊客中心
2012,8294,12781,48013,16000,239,0,12812,183,597995,2950,6560,534886,70386,1110,0,205515,0,18649,9520,62622,11500,18212,10808,14411,1484,0,671,4063,6712,110876,579,17313,15176,0,5558,35512,9584,10392,969,0,11000,0,0,4801,26415,34082,52057,30179,9023,2684,18581,25372,11552,7247,1451,12964,25610,35542,397982,21055,38064,466,143505,43037,156407,72261,266889,0,3503,55654,29650,3023,0,745,54246,8304,33947
2012.083333,5043,19224,56885,14500,48,0,26048,88,559877,2450,3058,488170,101636,817,0,102839,0,21181,6821,29565,9500,6559,45482,18197,1140,0,648,3222,5140,61698,637,12471,9377,0,3713,17939,11547,6500,539,0,7181,0,0,3451,9592,53978,22294,28503,8973,1528,12868,16843,15392,6379,1748,7693,14681,22178,744315,19767,6699,707,156861,28379,120204,66177,219001,0,4639,24981,20797,2753,0,982,50091,5718,11856
2012.166667,2640,7946,36607,12800,0,0,7989,233,706461,2350,1709,398077,114101,2348,0,64168,0,20450,10858,21145,9000,921,35562,28705,2564,0,972,5220,4289,40959,394,12832,9617,0,2166,13935,14774,6970,616,0,5814,0,4388,5642,6952,47466,14284,19139,15112,1814,9904,17119,12371,13014,4709,7374,6417,16117,541968,15379,6435,1774,259688,26338,98164,65792,32322,0,5547,19323,27411,5286,0,1175,52266,6553,10512
2012.25,2687,2414,32205,13500,0,0,13311,259,643824,4650,1247,349200,126230,3789,0,99305,0,22002,10396,27180,10500,558,10448,34594,11760,0,2058,5405,5431,48243,771,15309,27641,0,2677,22106,18397,14492,659,0,5290,0,18306,26217,7925,53669,18280,26266,16907,2355,11559,21444,20039,49900,16318,8726,8442,21768,528040,25538,2700,11159,291287,28115,115254,73009,43726,4112,28694,20059,32553,9026,0,2325,71303,12008,12515
2012.333333,1618,5422,18955,15011,982,0,19686,462,1012654,6250,1773,323218,76656,3502,0,86615,0,22050,20004,21164,12000,2232,10166,25748,137621,0,3297,3227,4415,36400,1167,13966,33752,0,1636,15895,18665,12658,1051,0,6270,0,18708,32681,5631,62952,19288,28002,16042,2890,10303,17668,24342,72833,19734,7348,5214,16901,354536,37271,3192,18758,255083,21911,98824,63111,48332,36554,96373,15483,23798,11163,0,2986,191217,9816,13788
2012.416667,2353,4930,16761,16002,1751,0,24892,527,775775,6150,981,306268,62364,4497,0,83861,0,24251,13303,12407,11500,187,12332,43940,106926,0,3418,2673,4711,79716,1745,9859,36236,0,1870,16830,13846,5178,1854,0,3639,0,26416,29181,4768,54769,23118,29031,11640,4659,8859,12917,31331,63681,15432,6369,4582,11829,248707,31385,1476,12338,205020,34018,81001,48950,84424,20782,42343,10668,23691,13195,0,2010,184438,5720,11267
2012.5,1248,27143,47206,19500,2661,0,52998,775,937532,7150,2516,481958,87504,8404,0,120745,0,19405,27316,20494,13000,3255,14733,139337,903288,0,4917,6490,7677,81799,2668,21395,73866,0,32642,31240,15268,10102,9332,0,7667,0,43350,44215,11369,84788,391683,28146,11785,12331,16224,18181,31535,119584,21551,11020,14734,24732,490345,63499,3018,22245,238433,32640,132816,74788,105315,40191,66307,25612,46473,22893,0,5001,163658,11288,14195
2012.583333,290,7893,20548,17500,2104,0,30113,609,810619,6700,1719,465076,93490,3927,0,107881,0,20795,22644,16358,13800,2170,12664,73398,16884,0,3188,960,4880,51231,3658,12652,43457,0,21165,17579,16665,6731,4668,0,8222,0,20005,33012,6716,77551,379100,25199,10617,7826,11970,17244,23192,73344,12965,7429,14264,17864,579880,42832,1533,12946,227242,25006,102722,54826,142644,23053,41962,20932,28882,17235,0,5683,79261,9905,10340
2012.666667,877,9348,27289,14500,2377,0,24902,423,827191,6000,2463,485192,68319,6321,0,65794,0,21629,12791,15506,13000,500,9679,110964,8411,0,5221,2916,4211,46414,3327,10761,23902,0,37050,12368,15290,8534,3094,0,3965,0,11420,24817,6992,83821,70643,20713,10825,5105,8979,19103,24549,52134,10040,0,5588,15046,368433,33956,1557,8055,168713,30251,95778,50584,141472,18055,26557,15659,26812,17354,0,6480,71419,9588,11424
2012.75,1808,12646,48514,13800,2179,0,25838,432,677391,7600,2509,572604,83803,9233,0,60845,0,24570,12779,23131,10000,2165,25129,39100,4790,0,5020,6282,5735,53923,1345,15146,19320,0,45763,16588,19634,9851,1391,0,5356,0,10274,12205,7641,82940,16136,25549,14727,2346,16860,21015,31916,20680,6705,0,6644,20017,405769,31894,4314,3537,248979,33493,122002,64048,147541,447,12730,19146,29496,18219,0,8068,108249,15051,15930
2012.833333,2808,15862,86731,11500,1237,0,12739,185,601487,3500,1710,489521,72881,4551,0,82396,0,19480,10731,19603,10660,5001,8604,20748,2201,0,3288,4483,4273,50545,589,11825,7012,0,34983,16025,14542,7969,1196,0,4436,0,4985,2426,7679,52005,15058,54523,10418,2046,12935,22652,56047,8203,4134,0,7019,16933,383647,18839,4920,1287,259842,36022,103825,63644,125372,0,4848,20497,26599,10147,0,3655,73122,10076,17691
2012.916667,2013,13846,40136,12000,347,0,8243,135,617593,2800,1323,506258,66915,2922,0,80495,0,17103,10307,22933,8750,7137,7825,15486,1344,0,1184,4510,4269,67836,326,13172,8219,0,31094,15212,8315,8953,833,0,6324,0,0,1929,8140,42460,19067,10101,12062,1838,10416,27450,11391,6335,2622,0,9454,18980,381721,21349,7564,815,240938,31926,110366,52145,183281,0,1737,18637,26538,6835,0,2633,32973,7024,21680
2013,3899,13835,27885,16025,280,0,12531,143,619511,2760,1761,383462,42817,1110,0,82446,0,15725,9787,16646,11750,6733,8324,14782,1299,11443,643,2102,3910,46358,202,7811,5615,0,124938,11849,8026,4051,1018,0,4625,0,0,3420,4054,45139,13135,29091,9322,1624,21526,16409,12127,6827,1462,0,7993,11946,278025,9258,7701,684,176770,35102,92856,39428,163651,0,4143,3487,23338,5185,0,1088,27729,2353,11239
2013.083333,16998,19986,71809,14599,690,0,30772,223,669319,3550,8020,787360,135557,1433,0,244707,0,18000,7952,85228,10800,33254,38144,26695,2636,24531,1494,5337,6227,134667,500,42191,16406,0,154318,37676,9189,14514,426,0,11060,0,0,5893,45457,66414,48025,42602,13267,1902,27761,30195,17008,7188,1692,0,28546,30476,781181,29806,12326,456,210705,55711,141491,75932,169457,132,4837,22558,20628,13894,0,1691,87166,9025,31267
2013.166667,4059,10130,49922,13359,566,0,8031,229,428149,2800,1610,435649,129744,3357,0,78665,0,19383,10522,23973,9450,4130,25040,34682,3432,16249,1388,5132,3651,49298,537,19512,11160,0,69398,14338,8607,9329,1226,0,4578,0,3618,7631,5778,59722,22591,19143,15558,1975,16008,18378,12565,12081,4315,0,6779,15492,501699,17576,7488,2039,264688,28505,104212,57752,76114,1619,7285,1631,22421,13427,0,2454,71702,6497,14463
2013.25,3040,10396,21838,13799,1543,0,13329,143,611454,11200,2188,383242,157176,5098,0,96887,0,20930,11004,21881,11200,2146,10980,30566,3904,18857,3182,5334,3856,51702,474,9380,32678,0,62396,19828,9262,9556,604,0,4389,0,9666,19216,7790,42693,30114,26275,14748,1956,16172,18882,20157,46242,16928,0,9166,24431,405240,39396,4499,10186,291090,29246,100181,70801,151663,25624,26556,7000,22461,14235,0,3921,79192,7718,18429
2013.333333,1871,8775,19793,15233,1552,0,19888,356,379358,6260,1344,290043,86206,5503,0,80036,0,17740,9161,19588,11900,2400,10222,59157,163208,18256,3941,4029,4585,66353,1451,13272,33999,0,33793,15515,19256,8484,1246,0,3374,0,18325,33920,5919,72517,28155,9334,14345,2523,16281,15932,24395,69604,24397,0,5935,17479,267023,27342,3111,15203,222288,21437,93406,55161,158041,44660,48752,8366,25745,15894,0,4107,354736,11775,15861
2013.416667,2482,14057,27433,16225,2583,0,24898,1162,511943,6725,1937,374177,119463,5783,0,92375,0,19540,16647,16854,11650,2946,12174,134739,324231,17924,7093,5192,5778,75181,1936,15707,46135,0,27108,17170,29219,8482,7110,0,4318,0,23359,31399,7354,109655,79711,7302,13716,8128,23199,15337,26685,75042,24348,0,8348,18278,307550,44724,3576,15895,202610,37671,99935,51975,146663,45237,60942,26824,29345,31801,0,7538,170857,12746,14699
2013.5,2572,11021,26732,25687,2637,0,53012,754,409037,7730,1600,314491,114034,6203,0,128127,0,14830,17830,20221,12000,1983,10776,112727,557220,15435,6820,4729,6081,55029,2102,17599,69856,0,5156,27525,20906,9287,12020,0,5658,0,39579,40101,10474,88280,117795,1436,15709,10166,24932,18354,28378,79350,27024,0,15187,27800,318434,54000,2601,19253,208315,25625,103341,72764,99236,58341,72544,33366,43846,28803,0,9183,138988,8222,13531
2013.583333,1886,3081,20247,18987,2209,0,30566,702,392225,5875,1518,255297,173733,5511,0,111638,0,17490,20244,18123,13910,2240,11258,81096,19266,12928,5919,3849,5121,54522,1726,16409,51699,0,10786,24997,21181,7102,8855,0,5712,0,18468,31694,10446,77827,86074,1925,13973,9027,19034,17033,20577,55929,19653,0,13994,25745,347076,49668,3126,13158,237960,21956,104348,67471,114922,42185,51306,11629,32637,30440,0,8079,66391,10731,12118
2013.666667,1858,8916,15479,15945,1813,0,24949,246,362987,5890,2065,294803,164826,4846,0,80676,0,21670,12204,14781,13950,2787,11607,94663,6126,16227,6860,4148,4224,44456,1467,14555,32166,0,18995,12443,20342,6309,2560,0,3933,0,9462,22995,6034,120321,30163,13943,16225,5028,18805,19527,22770,41836,15932,0,6017,14412,264556,32568,1890,8521,223908,25996,98865,47920,247107,22688,31751,10482,15036,18616,0,10106,73837,7183,12762
2013.75,11485,10700,28896,14665,1939,0,25445,346,378586,7545,2281,278349,134561,9768,0,83745,0,21381,9106,20952,9805,2998,17080,38190,3123,24478,5830,5109,4497,53124,811,16906,22393,0,45901,15700,20039,8167,1536,0,3723,0,5963,11186,7640,64939,31712,23014,22549,2568,28890,29212,31236,15148,7161,0,8681,20851,329396,36301,3666,3537,225973,30098,103880,61439,193097,4218,6224,20479,18112,18622,0,8073,55790,11083,18398
2013.833333,12661,8141,56189,13698,925,0,12989,142,304713,3840,2337,321750,180777,5639,0,85079,0,21477,8325,24391,12230,10015,12383,26148,1404,24452,5228,6588,3979,56855,346,15493,9015,0,64435,14415,16581,6446,761,0,4565,0,2329,3225,6975,85549,27990,44864,18546,2157,20640,26167,114591,6711,2767,0,8181,18252,300250,25657,7476,1377,267157,32534,107039,60348,129656,396,2195,30638,14960,17302,0,5507,49422,15194,18778
2013.916667,13180,9794,24377,15459,320,0,11755,102,313828,4231,2174,307462,180354,3106,0,90334,0,16260,8161,26629,9965,15667,6351,14234,549,20785,5768,6226,3540,49372,341,12756,6274,0,35721,11318,9651,8349,363,0,5404,0,0,1798,6041,44303,22982,30098,12410,2002,21698,29574,23492,5915,2323,8287,6850,15091,293990,12495,6843,798,248634,27678,88205,54026,137190,0,1878,28863,17073,11799,0,6066,52999,9302,23309
2014,17530,8834,41855,17011,170,0,12699,90,397021,2653,1204,219478,211729,703,0,216887,0,18220,6941,22629,12645,10609,9940,25246,1321,18991,2068,3777,3528,49623,130,10195,7135,0,102589,14806,12412,4743,484,0,3821,0,0,3354,6544,60114,22626,30128,12564,1393,17816,11688,12094,7087,1484,7819,9850,14434,291918,9408,8688,458,234455,32550,89023,48490,78841,88,5172,32943,13869,14555,0,2821,15964,7781,17522
2014.083333,23790,20300,81444,16599,335,0,31281,205,402347,2560,2089,359013,242180,2018,0,241782,0,23590,8314,54632,6286,14379,29939,37976,2937,25385,1604,7769,4213,95722,448,30210,12127,0,94272,26729,13230,12302,1096,0,7897,0,0,4224,19762,53020,42242,42932,16331,3011,30462,25973,16409,7111,3392,13131,16774,30380,1012946,23907,17315,554,283291,40777,109733,82539,95436,191,1945,74029,22304,18533,620,3479,39038,17096,34520
2014.166667,13535,15821,42592,14999,1069,0,8232,232,349162,2765,2299,334451,392116,1996,0,68687,0,17770,10271,27245,9530,9106,21159,41737,2614,20612,2538,12821,4842,58577,899,33025,14000,0,71488,18307,9125,11979,415,0,6000,0,6130,6430,8986,58456,29145,20188,16355,1865,20705,23003,13625,11822,2898,8958,10376,21591,508931,27615,14885,2376,341514,31667,102777,76307,76390,2741,8268,48890,20672,17393,1435,3699,19618,15147,21490
2014.25,8051,13872,42301,15153,1380,0,13365,152,497578,4803,2127,234778,387060,6503,0,94717,0,16185,9836,29478,11235,6168,18374,70374,7937,19277,3834,12467,4351,53664,906,21871,33239,0,80480,19618,9004,9673,598,0,4463,0,13900,24810,8448,67177,29138,26369,24229,2005,19655,24148,20470,47601,16169,12045,8063,23008,438334,36808,12996,8971,353026,29353,94982,79265,71212,20040,26408,48721,18055,24990,3369,5966,78902,17154,26491
2014.333333,6265,12123,26022,16251,2372,0,19919,326,433774,6308,972,209322,375468,5587,0,87300,0,20750,8365,26251,11906,3776,13920,70814,128951,11925,4508,10978,4282,65420,3278,24424,41909,0,79754,16371,19350,10903,1311,0,3744,0,20355,35983,7210,61956,32343,26001,21555,3561,16335,22665,24603,49208,27046,10576,7699,24903,346201,48141,11151,15243,281173,31083,81929,75747,61416,51365,56379,58184,20057,25589,12006,5895,282077,8987,23016
2014.416667,8463,13741,25589,17565,3282,0,25123,821,415675,6471,1701,211037,278945,2144,0,108054,0,21194,12936,23345,10956,3567,13650,98263,184700,10572,5815,10900,5000,66104,3632,23032,52481,0,53909,18819,17701,11456,5536,0,4380,0,12776,37466,7434,67794,221130,28129,20825,9776,17410,20760,26554,80195,23785,9397,7870,21084,318057,48954,7279,14304,257812,26541,86820,70314,58500,40547,64949,68325,25356,28170,28450,8339,97329,16458,22893
2014.5,8487,14565,44726,26545,3417,0,27689,757,782037,9867,1082,313798,232408,6098,0,130055,0,17014,22546,22212,18096,5934,12789,115796,905253,8845,6815,11682,7434,53698,3835,23086,68767,0,53149,28020,21005,12138,14366,0,6204,0,35591,36672,11788,72911,339150,28129,19702,11739,23998,22236,35152,80682,22643,17618,14241,32030,365223,36808,8953,16451,255398,24956,95056,92712,78994,57354,73145,49894,39040,34593,20197,9320,225798,18827,26824
2014.583333,6363,11919,44032,20212,3099,0,32115,743,827586,6077,1080,305535,235135,6704,0,151366,0,28534,24527,18685,14698,4133,17857,117165,22518,7979,5243,10493,6621,52806,3679,20582,59960,0,26490,28219,22080,9850,10516,0,7303,0,30207,26218,11353,81625,223832,27003,23563,9182,21248,15369,30674,52202,13634,15632,17221,33937,375908,45664,8889,8975,260959,23355,123238,95734,78093,29080,41735,51577,37967,34872,13228,8527,77597,25948,30548
2014.666667,7270,12183,31707,16587,2214,0,25012,0,692330,5956,1221,279198,240447,8271,0,74267,0,25560,13403,17942,13979,4354,15361,157102,10615,11945,2782,8586,4747,37306,1203,15716,51997,0,38440,14379,30896,8905,4984,0,4622,0,25012,16806,6810,78297,27656,23450,17365,6622,17407,20732,26217,31479,5403,9502,5319,20482,284708,36878,8878,4740,236022,30265,98238,61545,70450,14170,25237,38982,23529,27536,4317,7597,127943,18749,25817
2014.75,12835,10006,49257,15499,1337,0,25619,0,639588,3120,2376,305454,249740,1359,0,107965,0,22831,8995,34347,14622,9883,42918,54990,3909,15634,598,10745,4853,64239,1074,34645,27284,0,47201,24336,14087,15016,1598,0,6153,0,11127,9606,9391,75103,39371,28653,24340,2303,18331,19819,30501,11311,7997,12855,7983,25232,396618,41976,18903,2197,272731,31867,124363,86227,103309,1359,4318,72292,18606,29386,3079,6572,69831,26268,303835
2014.833333,11375,6771,45505,15694,673,0,13015,0,604775,3235,2315,290724,185230,4869,0,87459,0,22982,7517,25371,13007,11115,21042,36769,2699,16984,686,11318,4282,57135,171,22907,10701,0,63234,17437,16851,9826,886,0,4856,0,6509,3787,6541,71652,28156,73895,19467,2268,28504,17977,148109,9337,2748,10615,6425,20523,374063,23314,16952,807,288083,33057,120709,74270,118043,219,4625,59306,19598,26242,1071,3571,35236,14431,268158
2014.916667,11885,4907,52111,16425,270,0,11802,0,490921,4335,1368,283852,208710,3224,0,96539,0,17948,8372,21870,9987,10068,7257,14390,815,14976,426,9525,4174,50034,75,15049,7136,0,82084,11141,10190,8554,495,0,5060,0,0,2270,6768,57233,24550,24689,12605,1750,18864,16478,38743,5073,2178,9081,5233,20590,344967,11625,20415,654,270560,21571,97796,70111,134467,38,1527,44690,14088,17940,166,2544,78677,10052,167779
2015,19602,8706,29332,17549,418,0,12701,0,472454,5344,2752,323310,63479,1623,0,108033,0,14530,6369,30876,8291,17359,13859,26636,2515,22921,167,10684,4094,85584,122,15077,8514,0,155876,18967,23289,10639,1021,0,7326,0,0,3652,7976,88424,30957,29738,22822,2047,19847,15493,28265,6232,2254,11057,10911,24668,338277,13269,36313,675,267356,42522,129889,63971,199334,71,1999,44936,13481,23838,438,2093,36010,8783,284716
2015.083333,27568,12296,45260,19843,350,0,38113,160,627163,5871,4610,552209,71027,2273,0,172486,0,25933,7259,54495,4483,29648,30366,30705,3733,27081,118,9892,6096,145414,165,45513,13639,0,121321,35466,19339,16516,1169,0,8766,0,0,5286,22466,70336,60291,53480,20879,2208,32623,12691,36710,7349,2263,13033,20280,40013,762194,27097,21541,358,281217,38447,129264,91594,204982,171,2454,102664,15399,26865,1710,1880,26302,19111,259169
2015.166667,15162,6239,27744,16613,768,0,8519,180,400572,5252,2017,505199,64523,2312,0,87800,0,5324,5919,29484,3930,8794,23902,30533,2767,20492,195,10442,3792,67728,278,27632,16637,0,73201,13281,11059,11040,612,0,4117,0,6161,6909,7742,75103,23433,20257,19679,2369,21670,18400,32169,10263,3902,8450,5120,23999,395314,18171,16264,1314,234694,28475,88083,60007,65864,997,2950,48842,14948,24146,1274,3460,24513,11595,115051
2015.25,14455,7510,27935,18683,2081,0,15491,471,494785,5634,2423,605565,72808,6762,0,101076,0,5070,7432,24518,9930,11889,17548,66780,10625,21738,4877,14861,6207,64034,1333,19106,35206,0,49631,20093,18400,17114,1908,0,6226,0,15251,22658,10574,78090,38225,28086,24326,2467,31669,11159,35631,35442,11068,10574,7545,27566,427814,36308,17004,6292,277223,28740,106701,67747,126534,3333,18770,72107,15987,35414,3490,7050,54692,18469,89160
2015.333333,11195,9610,18455,16501,2293,0,20305,293,705757,6120,1511,364390,71275,7790,0,98585,0,19330,8071,18626,16093,10745,15922,65740,109008,20207,6711,13985,7050,43787,1880,14395,45022,0,43070,16306,18103,11854,2660,0,2366,0,21291,32915,7001,75547,25474,26161,27244,3375,24429,10283,36956,76502,21337,9655,6681,25696,306140,38635,15757,10163,291795,29776,78458,70592,107785,8352,44169,43332,24945,36208,4326,6224,156513,18197,83808
2015.416667,13711,14696,28317,17668,3829,0,26103,617,456367,6710,1842,329682,56055,5783,0,115087,0,13710,9386,13941,12892,12436,13557,120290,129835,14133,9012,13892,4699,41301,3217,19010,52947,0,45622,16348,17575,11768,8036,0,4621,0,26683,33166,7390,80546,85399,30894,21755,7927,24770,9086,39556,102087,17597,8481,5646,24040,252557,49391,11887,9225,228530,24394,79244,50075,105649,10824,50893,37849,23771,40717,29319,7746,248752,17438,63968
2015.5,9105,10804,41449,26603,2613,0,61126,134,439533,6922,1453,373028,56130,6661,0,107117,0,25095,15536,14951,12770,14806,11785,171033,63306,13878,8987,14077,7025,56971,2725,22208,61511,0,45405,24886,13275,12254,11190,0,6800,0,12791,34653,12586,85765,107117,18789,25575,10148,24067,13834,33396,74420,16176,14218,11464,40358,353017,55099,11030,10731,242566,20097,100307,66901,125933,9357,52577,68296,43269,44545,27314,6961,201378,21982,75732
2015.583333,7356,10825,22693,21254,3334,0,33456,0,485377,5227,2644,356234,28200,4843,0,125288,0,8970,11644,21656,7998,18339,11931,145815,16292,10726,6996,11577,5756,49569,1552,15985,47031,0,42337,19592,12455,9441,5869,0,6873,0,11605,27520,8328,71671,165936,20268,18383,7251,19437,9665,31496,66566,14358,12607,7291,34777,386003,45125,7495,7541,227378,16217,103396,63024,97848,7488,36451,49612,41403,37357,8479,6401,125266,17391,67301
2015.666667,9920,15934,19543,17245,2943,0,25386,0,390548,5835,713,297669,38233,7778,0,132243,0,3165,28152,13722,16648,16486,13837,189501,9285,4755,6678,11456,2853,18483,1687,9109,35433,0,44253,13665,20677,8207,3573,0,4527,0,13151,20091,5932,73976,27661,27243,14362,4303,18064,7506,33144,48516,11819,7279,5537,28253,257653,38021,11074,5980,214980,16252,95924,47802,105467,5475,29156,39857,39829,32648,2305,6373,40702,13881,40310
2015.75,16865,21608,50643,17234,2080,0,27487,0,482713,6567,1643,365301,50377,11863,0,136310,0,13170,15603,32184,13559,16896,16984,72868,5075,7652,6214,16586,5396,27079,1063,12210,27594,0,61172,20097,17514,11923,1260,0,6591,0,8902,12379,8727,80262,34857,32782,23569,2491,25935,9197,45375,20017,8297,9886,6419,35859,385095,41896,17491,2836,308158,21035,127310,73030,162112,2256,13253,59656,30260,37937,2700,5927,53087,21644,68412
2015.833333,22694,19527,102696,16999,986,0,12999,0,480592,6180,1130,341936,43876,4994,0,129446,0,12626,8261,31764,31668,22432,16675,42007,3610,9878,4250,16682,4180,34106,538,20821,11661,0,66917,16042,18925,9515,901,0,5053,0,5920,4633,6511,127893,33892,87536,33508,2285,21395,9771,180048,8425,3736,9469,5723,29986,359131,29497,18813,1700,304215,24103,119277,63337,214762,196,2253,45869,19679,33725,1291,4125,54923,20800,61670
2015.916667,21319,21480,55026,18929,364,0,12345,0,452177,4875,1060,312894,16581,3625,0,128330,0,15573,6333,67813,8052,23030,8547,23315,937,11047,3428,15272,3756,45538,88,15258,7850,0,122824,14208,11598,8756,469,0,4612,0,0,2585,6143,58662,34292,25257,23209,1754,21220,15889,30065,6926,3119,7856,3924,16129,301978,17037,23187,831,271019,22080,106380,42234,210411,61,2241,32770,17419,21172,488,3739,32658,10730,67220
2016,18987,19523,40190,19231,210,0,17263,50,413061,4022,1937,212776,54804,1960,,104383,0,19583,4603,48046,4762,22463,12120,18878,1340,6580,0,10959,4338,49421,144,8968,8818,0,131056,19268,14432,8413,467,0,4828,0,0,3516,5236,70841,47820,34653,17389,1474,19851,9213,32510,8303,3161,7182,6469,66656,291780,11906,28052,597,255419,25295,97052,56702,171508,0,2101,35432,15078,0,171,2795,23231,7130,51415
2016.083333,30912,23853,49212,24356,651,0,25335,264,694616,7275,4957,430749,66636,1359,,394542,0,26152,7527,55173,1919,18112,46721,35690,4111,18937,0,12260,6331,98618,380,22677,17035,0,184053,35801,10660,18711,945,0,8082,0,0,4973,4905,70279,104520,72943,19828,2528,34764,16796,60870,8323,2742,12422,18125,127199,625734,26948,28248,642,288142,28377,139812,86863,136737,0,2314,101379,17306,0,482,2535,32948,17231,150454
2016.166667,23250,19759,43981,18529,582,0,8864,129,339104,8810,734,245034,62342,2634,,81634,0,18749,8127,26456,1298,18045,34746,30765,2618,8221,0,15582,4436,39469,240,17166,13340,0,168308,11865,11223,10284,406,0,1595,0,5089,5601,5551,61591,53854,20954,24549,1433,21681,12517,54899,13292,5280,5653,4686,22153,486469,15829,16257,1481,292587,21925,88271,57118,123244,404,3368,33529,15725,0,321,4510,26592,9167,56382
2016.25,24308,24726,21550,18917,2262,0,15598,368,446383,3888,2127,312489,60677,4328,,113134,0,19702,6982,33698,2447,20491,53630,66676,8259,8892,0,19555,4589,55235,1770,17473,37540,0,45631,17651,24199,25246,901,0,4690,0,15735,25414,7033,100065,42325,35532,35245,2318,31354,12366,48498,54229,14902,8565,5784,28024,373632,39067,19055,7491,304912,27164,110979,63885,142009,6053,26499,76995,17189,0,2291,5980,41672,20033,91632
2016.333333,20516,27432,17714,16496,4049,0,22496,391,522712,10324,1917,246464,43759,7793,,112434,0,19997,8177,45952,16099,17445,44488,109522,109628,7293,0,26051,5424,41007,2804,18615,43702,0,96268,13337,25350,18116,3449,0,3091,0,22379,35707,5414,82929,36167,26203,34253,3504,24492,10819,37708,94034,24403,8813,3874,28184,254981,47245,13866,12739,273950,35020,98537,58938,119066,10437,51267,30330,19695,0,4896,8676,156848,16467,70209
2016.416667,9775,18020,26314,28021,4941,0,26816,634,493795,9233,971,239201,42259,4060,,145664,0,20039,10448,23873,12965,16880,54924,115324,105631,7622,0,22901,5913,34675,4228,17859,57536,0,100612,14523,27928,13554,7694,0,4213,0,20939,40044,5643,77692,33839,35532,24297,7931,27710,11153,62056,88491,20904,8616,5282,26307,182048,50091,12179,9534,205908,17978,90135,55730,92083,11709,57916,33453,28442,34733,13496,9003,301520,16095,53275
2016.5,11256,17445,43813,35539,4069,0,67211,618,582464,8291,1015,584058,43517,5311,,155497,0,11909,20744,21614,14263,16042,58608,167897,544240,7117,0,25376,4464,45083,3814,22782,55246,0,103955,19645,30049,13700,15977,0,6268,0,22253,48543,6079,95827,136302,19854,28377,17854,26213,12196,33434,82496,19984,12037,1788,27477,412146,61202,13204,9960,215676,20976,104218,69299,130934,12120,63736,46469,32141,33517,12536,8988,230508,20146,50173
2016.583333,10021,15109,33857,27396,3506,0,32542,398,650853,5522,1226,566233,38151,4719,,141693,0,11787,17131,20634,10919,15500,49921,122877,17229,6502,0,18724,4724,47260,2861,19904,46219,0,109458,16321,23709,11957,10285,0,5727,0,13421,37112,5469,101957,126446,21169,28030,9215,22595,14077,31279,57416,12446,9721,6025,28784,269208,46610,11542,8528,198995,24095,97751,63128,108354,6450,38643,33095,27808,28771,6773,7467,163594,21384,36950
2016.666667,9726,8534,21353,30721,2262,0,25412,0,459802,4467,371,564185,19262,5374,,85884,0,11805,16516,13853,14658,13961,42338,174345,6537,4698,0,14546,3669,36839,1413,12972,20928,0,107601,8749,15539,7896,3105,0,3602,0,8790,23127,3367,76282,26497,28526,29470,3782,19429,13149,33214,39373,10099,5951,2888,14617,135966,30285,9005,5417,137220,22470,88294,35380,97909,2879,25663,19302,17610,31737,2653,6084,43293,12563,48698
2016.75,16781,20244,38892,17121,2376,0,25397,0,568186,6845,1415,557699,29159,8416,,120463,0,13799,5588,26701,14486,11920,59192,82357,0,8422,0,21830,5740,41699,637,17990,17976,0,139614,10429,22182,13981,1136,0,3831,0,7677,15491,2978,106035,35485,32814,37946,2889,26149,15740,45431,18393,7202,7905,2604,16520,246651,35464,11807,3526,216205,30860,124232,42765,153140,577,3215,45699,17661,29502,2424,5440,11948,21057,39420
2016.833333,19041,17484,82921,31778,701,0,15985,0,549076,7053,1112,519113,29594,6116,,102517,0,12945,0,32392,18345,10188,35375,52154,0,6688,0,23698,5163,44873,220,25460,9481,0,109132,10983,26300,11448,1091,0,3624,0,5125,6734,3958,97955,38649,87545,37279,2783,28688,17167,180876,9072,5408,7834,3277,13681,228544,27568,14248,1641,229656,31435,109370,43689,177974,57,2212,28612,16529,20908,0,3011,54920,17364,33130
2016.916667,21014,19249,70855,33305,392,0,12540,0,673043,4905,1077,608838,29470,3911,,108667,0,17382,0,26714,9875,26790,28159,50248,0,12080,0,15735,4464,56025,98,24247,9048,0,119714,10619,19839,11268,679,0,4782,0,0,3844,4823,106128,36833,26338,33098,1689,23823,23651,32117,7402,3895,8051,5493,17674,220669,16498,20616,708,243375,36020,121319,47860,196705,0,2069,28361,16317,17808,0,2182,27559,11456,37162
2017,22296,19697,40130,26636,211,0,17194,0,688186,5170,1490,718832,31901,826,8159,191308,2460,20036,0,33186,9866,29615,34862,52062,0,22677,0,19512,5800,130696,182,16981,11833,0,112118,18478,18353,15543,974,0,5903,0,0,5843,13177,100574,82672,33991,30985,3086,28069,18302,32119,8515,3739,10879,10775,23976,250110,19846,24659,648,220565,44925,123557,55944,174216,0,3112,68008,15967,23124,0,1708,35317,11501,41685
2017.083333,24682,15074,37671,10764,425,0,25478,0,563415,4495,1332,655536,30579,1198,9010,119384,2216,18188,0,30588,9186,27956,33586,32278,0,12620,0,18078,4726,120891,211,21290,10212,0,132938,18166,17070,12640,847,0,6381,0,0,5706,9681,65853,65085,73287,25979,1924,34844,31798,60889,7871,4271,11485,10128,28469,584400,21855,12160,1172,200348,34418,114298,64840,152853,0,2864,44967,15069,16437,0,1891,20248,12179,39061
2017.166667,25515,14071,26238,11651,580,0,8914,0,434856,3981,511,533587,25020,2587,8974,66912,5760,30001,0,31463,9175,28312,36152,36140,0,10840,3054,20054,3491,54896,769,18697,11787,0,97072,9338,11671,12525,503,0,2808,0,5285,9628,7044,64281,41391,21003,25390,1591,21719,24042,57909,13465,8938,7686,3477,16200,450477,18758,9277,1809,202925,29667,99504,39976,145269,164,3818,27107,15318,15471,0,3316,16147,8890,25808
2017.25,20717,15148,25181,16701,2938,0,15079,0,605389,4571,964,429384,30702,4375,11468,111734,3615,52522,0,38696,14126,27378,51101,89493,0,15737,6513,24028,5822,79757,2001,25132,36627,0,75327,16477,37690,24894,1075,0,4710,0,14698,31274,10027,83384,48431,35701,51711,3097,31863,21751,49117,59898,19034,11203,5610,24306,258924,41490,11638,8060,234092,38277,125903,57186,150056,1992,23323,67026,16966,31082,0,5899,18426,18798,31537
2017.333333,18841,16590,15311,13104,4177,0,22587,1656,549600,5170,1106,397147,27738,4332,15013,124963,89743,51851,0,26843,12421,29995,56306,110753,115194,14952,9585,20090,5309,64801,3474,33129,42393,0,68054,8041,28346,18307,2651,0,3717,0,20787,54006,7368,83739,44614,27010,47849,3477,25340,20910,38957,95848,27964,9311,4002,21390,207796,51960,9552,12386,207593,41176,115434,52629,134849,10544,57016,46121,21168,37862,0,9365,114905,16468,30117
2017.416667,11437,10959,6575,11587,3944,0,27988,646,333748,6397,436,296725,20953,3605,13306,78230,69941,35559,0,27097,9151,19806,27798,75935,60444,9525,7071,15734,3897,35978,2305,21723,38763,0,66332,5378,20942,9380,3655,0,4707,0,17106,57919,3950,56612,45905,35618,13380,4291,24833,19387,62360,79736,20398,8780,2475,15107,129015,40499,4481,7509,157438,21469,61538,29053,69383,10431,47318,26221,14535,20797,0,7221,54637,9226,14654
2017.5,15615,16968,22293,12234,4105,0,69019,1376,509557,7517,350,463580,26126,3908,15721,115103,65594,84762,2353,76079,11724,8792,52032,160411,371832,9661,10574,20852,6332,60204,2579,28391,59322,0,81741,12997,31050,13758,12296,0,4436,0,20696,68171,5565,82225,336170,18849,24283,12278,24206,27385,32148,79290,18880,13683,6347,30129,201971,59422,7948,9102,175302,26602,98576,46786,99509,13544,49942,30889,25955,37909,9631,9503,111388,18842,19839
2017.583333,14945,13175,39332,31227,2912,0,55239,1184,523842,6237,550,425491,31862,3911,18617,111795,58924,90429,2072,117903,12259,20154,44827,144710,17046,11323,7652,24987,5862,63047,2398,27844,60691,0,86292,10616,21119,14734,14524,0,5023,0,21084,49842,6800,69708,200902,28619,28817,16078,22621,27844,33119,67308,13271,12898,5583,32083,281890,64418,8085,7690,200728,26187,103626,47231,116978,10666,42696,33511,28923,32124,4943,8309,130153,21551,22709
2017.666667,15262,11583,19620,26549,325,0,23547,1050,458693,4070,448,362702,21754,5058,13045,84424,28030,85315,1308,18061,9786,14605,32738,101115,5151,6501,4370,21620,3724,42496,2336,20911,29736,0,92028,6453,18096,11492,3276,0,2485,0,13446,29825,3607,60047,36738,28363,28069,3984,19484,21467,30195,32202,10538,6216,1876,15826,130743,29830,10309,3844,158731,32302,81968,28945,86820,3984,19247,22014,16600,20052,0,5952,56365,12236,12222
2017.75,19279,17508,37579,18740,0,0,25397,1746,581182,5108,1450,467654,30332,7652,16621,108940,13752,81804,1849,35313,14730,18943,38488,121924,4634,13812,4728,30367,5025,70497,1201,22986,27291,0,153798,8272,21331,15613,1772,0,4521,0,8668,23116,11326,77182,45981,32881,22028,3208,26186,24544,45618,20388,8257,8715,2491,50995,266091,50577,14026,3565,241440,35904,124916,54248,143314,1921,8014,42127,22222,33795,0,5515,25147,20829,24410
2017.833333,19024,10120,69370,41186,0,0,20103,2334,503230,6910,1176,350641,29478,13163,11967,80685,1878,47369,2492,25159,17453,31414,20035,32036,1088,12234,4657,32351,3103,55672,645,21800,9669,0,153084,6734,25154,10816,405,0,3669,0,4042,8987,6844,73473,40276,116380,23190,2279,35484,23659,200464,7673,6775,7547,2929,49625,219304,29047,11613,1626,249748,31860,110042,45968,174336,103,2840,35296,17572,23618,0,4241,59532,17889,16310
2017.916667,17534,10620,68492,32891,0,0,13978,1272,531858,4716,865,367135,32643,3355,8204,88399,1603,37682,2966,31729,8936,28829,19726,31622,863,28774,3591,33820,3820,67679,346,37517,7298,0,191361,9577,18986,12540,336,0,3781,0,0,5128,11113,87052,49046,33142,24127,2326,28919,37802,34154,7009,6117,7311,0,22690,223242,16543,43595,1129,251622,30753,117185,49758,203505,0,2101,28439,19680,23370,0,3397,24613,10543,29949
2018,17729,6806,18678,31682,167,0,16825,1510,449020,4806,0,314061,24490,1283,6052,82977,1858,41185,2214,19745,3989,29277,20378,22344,621,19142,2032,23198,3835,52438,395,6773,5872,0,151119,8615,17539,8494,255,28887,1784,7152,0,5127,6804,73259,41463,30114,23967,1421,19886,15113,28749,6821,3578,5718,4285,16787,184018,8151,32522,634,217858,26786,103944,35508,151397,0,2199,21035,13853,14837,0,2059,29655,5481,24005
2018.083333,23661,10558,31318,13600,341,0,26825,1911,569326,5241,0,498176,20489,1543,7145,98811,1801,48820,3421,36954,8650,12154,13261,29698,1967,25100,1630,24364,3752,95002,425,19335,10210,0,154351,7609,18077,12096,568,46640,5035,8953,0,6167,11446,61936,98811,74116,14846,2690,34924,21861,61419,6846,2373,9215,12090,26046,471635,16984,30475,492,202105,31683,108815,45443,151951,0,3608,58490,11182,26087,0,1944,20111,12798,38643
2018.166667,23122,8094,27012,11550,735,0,19777,3193,505014,3381,0,396735,21872,2600,6755,79311,6687,78057,2543,36259,9621,11870,44503,57986,3478,21104,3400,25434,3441,51559,861,16156,13213,0,84400,6216,19265,16737,644,31011,2521,6835,5523,9626,6412,80733,41487,21121,27575,2396,22053,15863,57798,15231,6438,7378,3672,36121,352612,16223,15408,2160,214484,26860,99478,36136,127943,480,3836,26579,12494,28992,0,3548,14273,12494,22888
2018.25,24119,20904,27221,15692,2449,0,15016,6416,579917,4725,0,479976,30864,4507,7399,103594,48570,97437,3267,49114,13198,10762,51518,93304,45323,25539,5735,31005,5837,72686,2818,27712,42587,0,66268,16164,35887,25482,1047,44313,4715,9038,16027,39850,9124,86314,58529,33140,31454,3710,31880,24274,49128,55439,13280,9292,6533,62523,286810,48262,24348,7806,228974,36303,137678,48227,147752,4994,31176,106149,15795,49741,0,5656,28016,22040,34875
2018.333333,22283,16253,17360,12741,3769,0,22968,8114,632156,3009,0,330634,23204,4101,6962,88154,68236,88680,2227,29226,12666,14387,47633,124862,80976,17215,11983,27255,3732,36430,4607,28822,39920,0,58534,13168,31607,16866,3499,24603,2781,6415,21881,54134,6333,86016,42694,26987,30997,4349,24497,19685,38549,80861,16745,6141,2306,31473,268972,43286,13365,8152,206286,35314,93767,32009,108086,9874,37345,30591,16308,40353,0,8142,52397,15564,19332
2018.416667,12748,8557,22812,10791,3762,0,28011,5518,587825,5220,0,326136,22266,3610,6157,102916,53448,80603,2952,26614,11611,18229,44324,140689,72538,15784,12787,26048,4549,30855,3744,23122,43395,0,59874,11540,22428,10271,4447,16145,2258,5200,19038,56230,6768,86260,53386,35678,22357,7459,24839,18098,62298,65228,10584,9881,1774,32438,182830,41078,12029,6784,177585,25892,90764,33613,112835,8591,46496,27225,19396,51249,0,8125,74264,15229,18786
2018.5,14771,13310,34555,12038,4108,0,70016,6855,597328,7238,0,353298,29394,3736,7015,115322,60911,113254,3721,34730,12372,17423,53568,166813,773405,17077,12116,28649,4189,53581,3022,29832,62794,0,61443,17182,34247,14073,11918,21670,0,6516,21720,59520,10231,87605,222981,18889,24732,15077,52243,19422,33195,68398,9383,15852,6234,50428,242121,73799,11020,7026,174444,24287,93395,62804,121329,10634,43392,36097,26969,75571,0,7053,181355,23180,21235
2018.583333,9053,8740,30517,29860,2963,0,55472,4951,452975,6303,0,387440,31647,3686,8039,97363,44097,85221,4070,33821,11887,16140,40904,132082,15548,12386,7913,21834,3922,41876,2594,20786,51393,0,65566,14488,27634,8691,10638,14213,3388,4657,16471,44485,9854,79103,160235,28433,28461,11489,22692,16739,33321,52295,7018,12263,10766,46807,252090,50879,8243,5621,190446,17921,79292,60210,103038,7596,38516,25434,25079,88903,0,5769,94815,23800,16632
2018.666667,13167,10393,22703,17740,1733,0,26721,5369,442006,4417,0,402885,18735,5307,6958,78613,25367,100964,4453,38189,9428,16545,35615,143289,4647,15722,6688,20165,3968,35366,842,15659,26671,0,75946,6978,20536,10967,2812,15857,1879,4574,7348,31900,5924,79140,42476,28446,28061,5357,19516,23115,32741,33178,6458,0,4649,35571,258770,30996,8996,4118,162482,28672,91965,32762,134118,2750,20829,24600,17969,58238,0,4532,60929,14571,16597
2018.75,17534,14297,35818,12970,1342,0,27731,6278,461778,5523,0,394646,21001,7817,8076,90250,12775,99016,5035,39274,11270,12290,34428,62359,1817,21540,6108,24933,3726,45915,983,20706,21745,0,108694,10228,23238,11840,1587,20199,2042,6177,9108,23300,6542,90148,43940,35838,22968,1901,28192,22887,44699,21816,5470,0,5145,39609,286201,43570,12863,2983,229725,29595,98794,39387,129351,1144,9022,31616,16119,58456,0,4601,27465,18560,24387
2018.833333,16798,11977,88110,25428,1053,0,21197,5326,433259,7530,0,381102,20058,3689,6259,78184,3291,79792,5996,24283,15830,24666,27132,50250,1917,22410,4852,21717,3590,42768,523,14839,11525,0,132586,8625,28588,9723,539,20000,1406,4721,4495,8600,6183,79586,42666,139462,27455,2238,33912,27927,248736,11286,2089,0,5392,39572,286733,28060,14615,934,221704,27542,97266,36509,144019,151,3377,26357,13185,46868,0,3474,49784,11851,26856
2018.916667,23639,16191,54474,11043,314,0,13712,4753,470489,4520,0,428144,27983,24193,12398,87865,1789,92838,5265,24392,6832,35196,23144,34313,1276,31168,2804,23301,4540,65218,240,25395,10294,0,159604,15765,17780,10530,571,31720,2510,8726,0,5695,11909,112853,59130,35101,20224,1641,28922,29510,35278,6508,1782,0,10820,67228,288320,25120,19854,976,212855,33073,115396,56511,205617,25,2419,37448,16230,38006,0,2690,35157,10730,46088
2019,22468,8007,21444,12513,396,9970,15889,1598,397569,4380,0,338453,20022,1243,8018,72564,2072,44473,11272,26819,6789,29957,15946,20886,725,17328,2346,20047,4464,55901,241,6502,6944,2427,153800,9214,9578,7643,303,18394,1581,5452,0,6650,9103,80120,40373,25175,11216,1423,19888,11943,24033,8426,2975,0,6473,42096,240123,13926,18225,901,199161,25732,93601,41887,182452,0,2643,27091,14150,21597,0,2462,29941,7522,21672
2019.083333,29136,16964,55955,13988,938,10535,28410,3467,616151,6530,0,615515,31159,2151,8453,102580,2293,51789,14060,36954,6306,37399,25931,28860,1790,25826,2606,23644,5873,107791,452,20999,15082,3823,198813,19681,17049,15340,812,226525,3890,8728,0,7540,11909,65483,94230,76100,27614,2950,35990,28290,63110,9097,3103,0,10560,114592,631903,28988,23473,501,214635,36529,123628,60290,181320,0,3092,8552367,13621,39645,0,2400,25809,14735,66637
2019.166667,26308,10229,31175,11058,1244,19753,19801,5546,383720,5230,0,456363,31386,2603,8647,94336,9858,74036,15997,42547,10035,28122,37552,35505,2000,21678,4487,38801,4652,57149,690,20963,15220,5216,107315,10177,18319,17156,593,89450,2297,7817,8088,11650,14631,79927,46259,21487,32664,2233,22061,18948,57416,17290,8364,0,6282,53819,563969,28405,20585,2636,262258,25791,110833,45667,163395,0,4202,5103852,15319,41458,0,4516,21650,13054,37599
2019.25,22187,11726,22125,15272,2586,48400,15988,7018,644048,5150,0,408212,30868,4410,8223,91869,51600,79895,14893,33313,12328,15741,41618,69305,33928,21282,5575,41940,4249,53383,1928,19226,35499,3741,57423,13837,27653,21802,970,94069,2369,8881,20045,48180,13833,86301,54384,32876,49421,3839,31784,19358,52809,61877,11838,0,5957,55585,464819,43585,16604,6347,273391,26608,113979,45727,98030,2790,20956,129340,15052,53800,0,4157,30577,21127,36513
2019.333333,11539,8179,12403,11863,5280,67573,25015,10193,523530,5220,0,343673,29015,4257,7665,82092,75108,76588,13465,33070,12681,16803,36768,88343,75505,16551,9049,53060,4481,34197,3366,19978,38070,2484,80702,12001,25539,15643,3481,41676,1522,5314,20918,64420,11626,86733,45119,27053,43923,4232,24459,16214,41648,90691,17468,0,4014,18392,359117,42332,18759,8196,257368,27766,78147,37957,101077,6474,33806,48600,13856,47849,0,9822,97131,13427,24995
2019.416667,14512,12474,25488,10723,4812,80142,30142,8038,551888,5702,0,385143,24672,3331,8216,105248,84569,78656,13386,18403,10566,28858,32569,141474,65150,23716,8838,38448,3905,43553,2979,27742,52841,2640,70017,9053,24472,12421,5886,43763,1480,5791,25613,65360,10271,97010,68367,35704,38658,7982,24824,18044,67284,94673,13632,0,4005,56778,281654,54055,19474,6893,215716,28186,101633,41524,123163,9931,48374,51442,18729,56222,0,9365,78777,14836,28191
2019.5,10994,7693,32562,12885,4218,77194,87100,7735,488760,7770,0,386834,27764,3014,9685,108162,57696,81724,14704,22659,11294,11166,37133,199395,82551,21609,9298,31732,4328,50628,2228,20718,66709,2035,73015,13060,33807,10828,10880,56129,2992,6556,23505,64660,11551,100265,199337,20627,35669,14722,48147,20743,35902,73152,9443,13899,9288,65771,402630,58209,17005,7740,214583,20435,107435,64872,138973,8644,45444,37980,24300,54993,0,10797,93702,21027,21181
2019.583333,7328,4951,18361,23450,2036,57282,59227,5597,617603,6450,0,418214,24058,3403,7517,87816,34153,81159,15743,26029,10075,10440,31152,151585,330336,20215,6421,27939,3941,35053,1861,16466,35395,1382,73758,10146,28168,9323,5714,51801,1949,4220,14776,43780,9482,91084,117804,28823,34915,10142,20101,24757,33445,43239,7107,9857,9335,51654,356557,34140,15968,4743,208912,16813,84279,52134,111915,5119,29127,28481,19043,60850,0,6472,132006,20760,18727
2019.666667,17712,12612,26422,13341,2474,59357,29076,8490,593717,4758,0,341103,15766,5758,5769,82109,34632,90425,10061,49851,10028,10209,31313,110704,244761,20172,7546,12450,3362,40099,2860,6502,36840,1814,80926,7981,22250,13002,3075,40517,2135,5508,16446,35750,11625,76488,45159,30389,43470,6542,1490,19154,35697,44699,9761,8124,4536,47709,315466,40020,19062,5463,150507,26108,107074,40093,158911,3603,20535,34827,19355,61589,0,5104,81087,15369,25176
2019.75,20580,15299,61340,17370,2809,54681,29850,11353,715884,7230,0,403980,21196,7244,5197,96432,16643,100008,12746,44463,12773,17590,28477,107464,4890,25324,8862,17345,3366,55682,1652,21647,28644,2237,71574,15105,33007,14511,1047,37871,2700,7335,17074,28940,11476,94278,51951,38733,59788,4124,503,29431,44835,27549,10724,8239,6970,76751,368067,46956,23052,3243,232010,35328,117613,56200,190710,1833,7808,45168,19001,75670,0,5374,84516,23421,37294
2019.833333,21464,9865,98270,15732,1367,26337,21209,10006,631453,8135,0,377273,17148,3393,4581,86143,2316,68577,13047,33270,10591,16828,33573,36219,1833,24973,7069,17250,2744,49606,657,33925,9990,1938,69134,9179,21365,9498,835,37450,1662,7848,6080,13670,8815,82218,42533,151600,46784,2037,124,22126,260736,9309,6333,6457,5145,40976,458879,31941,22614,1841,234254,29483,115908,45216,202595,85,2732,33763,14394,52931,0,4177,87802,17882,33265
2019.916667,18115,8597,47395,10979,1109,20075,13234,5863,672206,5336,0,365301,16166,2721,4352,76784,1696,55587,12921,18967,8643,40059,16137,23557,678,23939,5613,14964,2632,46885,341,24260,6231,2232,143896,8644,13921,7787,672,36835,2026,5750,0,7150,6124,90365,46205,38366,37025,1762,651,42565,40579,8114,7902,7568,5315,40877,323656,19031,47561,989,217275,24422,118749,40454,220254,5,2530,32847,12615,39880,0,3801,52132,11672,31975